<?xml version="1.0" encoding="UTF-8" standalone="no" ?>
<ApplicationInstallerManifest>
  <DefaultInstallationDirectory>%ProgramFiles%\Aubo_i3_Demo</DefaultInstallationDirectory>
  <ApplicationName>Aubo_i3_Demo</ApplicationName>
  <ExecutableName>application\Aubo_i3_Demo.exe</ExecutableName>
  <GUID>877cb94d-e1dc-4822-9a2a-2f40a12fad47</GUID>
  <ApplicationIcon>icon_48.png</ApplicationIcon>
  <Logo>temp_default_logo.png</Logo>
  <Version>1.0</Version>
  <AddRemoveProgramIcon>application\icon.ico</AddRemoveProgramIcon>
  <WelcomePanelText>Aubo_i3_Demo 1.0
Antonio Gallardo Montti
antonio.gallardo@usach.cl</WelcomePanelText>
  <MCRProducts>
    <MCRProduct>
      <ExternalProductIdentifier>35000</ExternalProductIdentifier>
    </MCRProduct>
    <MCRProduct>
      <ExternalProductIdentifier>35002</ExternalProductIdentifier>
    </MCRProduct>
    <MCRProduct>
      <ExternalProductIdentifier>35003</ExternalProductIdentifier>
    </MCRProduct>
    <MCRProduct>
      <ExternalProductIdentifier>35010</ExternalProductIdentifier>
    </MCRProduct>
    <MCRProduct>
      <ExternalProductIdentifier>35242</ExternalProductIdentifier>
    </MCRProduct>
    <MCRProduct>
      <ExternalProductIdentifier>35274</ExternalProductIdentifier>
    </MCRProduct>
    <MCRProduct>
      <ExternalProductIdentifier>35276</ExternalProductIdentifier>
    </MCRProduct>
  </MCRProducts>
</ApplicationInstallerManifest>
